Customer_ID,Gender,Age,Account_Type,Customer_Segment,Home_Branch_ID,Join_Date
C0001,Male,58,Savings,Corporate,B005,2023-05-17
C0002,Male,32,Salary,Retail,B002,2025-04-24
C0003,Male,45,Savings,Retail,B004,2023-04-22
C0004,Male,50,Salary,Retail,B007,2023-03-28
C0005,Female,46,Savings,Retail,B007,2023-11-28
C0006,Male,35,Savings,SME,B002,2022-07-09
C0007,Male,42,Current,SME,B005,2022-03-30
C0008,Female,64,Salary,Retail,B007,2022-06-11
C0009,Female,53,Salary,Corporate,B006,2025-03-28
C0010,Male,30,Savings,Corporate,B004,2023-08-16
C0011,Male,23,Savings,SME,B005,2024-07-17
C0012,Female,58,Savings,SME,B006,2023-03-06
C0013,Female,60,Salary,Corporate,B002,2025-06-01
C0014,Male,58,Salary,Corporate,B004,2022-12-01
C0015,Female,47,Current,Corporate,B004,2023-10-27
C0016,Male,67,Savings,Retail,B006,2024-04-01
C0017,Male,35,Savings,Corporate,B006,2023-03-12
C0018,Female,59,Current,Corporate,B008,2022-10-20
C0019,Male,34,Savings,Corporate,B005,2025-04-12
C0020,Female,45,Current,Retail,B003,2024-11-09
C0021,Male,49,Savings,Retail,B003,2025-07-09
C0022,Female,28,Salary,Retail,B007,2024-02-21
C0023,Female,56,Salary,SME,B001,2022-08-23
C0024,Female,61,Salary,SME,B002,2023-08-25
C0025,Male,45,Current,Retail,B005,2024-10-22
C0026,Male,66,Salary,Retail,B005,2024-11-05
C0027,Male,56,Savings,SME,B003,2025-01-09
C0028,Male,67,Salary,SME,B008,2022-02-09
C0029,Female,25,Current,Retail,B001,2023-05-09
C0030,Male,54,Savings,Corporate,B008,2022-05-22
C0031,Male,66,Savings,Corporate,B008,2025-01-30
C0032,Female,28,Salary,Corporate,B007,2023-03-10
C0033,Male,52,Salary,SME,B007,2024-02-04
C0034,Female,46,Savings,Retail,B004,2022-05-12
C0035,Male,39,Salary,Corporate,B004,2025-04-20
C0036,Male,32,Savings,Corporate,B001,2023-04-14
C0037,Male,22,Current,Retail,B004,2023-07-25
C0038,Female,60,Savings,Corporate,B003,2025-03-15
C0039,Female,54,Savings,SME,B007,2023-01-25
C0040,Male,24,Salary,SME,B006,2024-05-17
C0041,Female,44,Salary,Retail,B002,2022-05-05
C0042,Female,43,Savings,Retail,B004,2023-01-25
C0043,Female,52,Savings,SME,B003,2023-07-25
C0044,Male,47,Savings,SME,B002,2022-04-14
C0045,Male,59,Savings,Retail,B003,2024-04-12
C0046,Female,49,Savings,SME,B001,2022-12-04
C0047,Male,42,Current,SME,B008,2023-08-08
C0048,Female,45,Savings,Retail,B005,2023-03-22
C0049,Male,21,Salary,SME,B001,2022-04-13
C0050,Female,55,Salary,Corporate,B003,2022-04-27
C0051,Male,50,Savings,Retail,B002,2023-04-27
C0052,Male,43,Salary,Retail,B001,2025-06-22
C0053,Female,23,Salary,Corporate,B006,2023-06-19
C0054,Female,31,Savings,SME,B007,2022-09-26
C0055,Female,60,Current,SME,B002,2022-01-20
C0056,Male,47,Savings,Corporate,B004,2024-11-02
C0057,Male,34,Current,Retail,B004,2024-01-27
C0058,Male,36,Current,Corporate,B005,2025-06-06
C0059,Male,69,Salary,Corporate,B005,2022-08-01
C0060,Female,26,Savings,Retail,B003,2023-07-12
C0061,Male,36,Salary,SME,B004,2025-07-22
C0062,Female,34,Current,Retail,B002,2025-07-23
C0063,Female,45,Savings,Retail,B006,2022-09-25
C0064,Female,58,Savings,Corporate,B008,2025-02-03
C0065,Female,63,Salary,Retail,B002,2022-06-04
C0066,Male,62,Salary,Retail,B006,2025-04-07
C0067,Male,53,Current,Retail,B001,2023-09-24
C0068,Male,41,Current,Retail,B004,2022-07-30
C0069,Female,40,Salary,Corporate,B003,2023-04-30
C0070,Male,28,Current,Retail,B003,2023-11-12
C0071,Female,68,Salary,Corporate,B004,2023-07-01
C0072,Male,28,Current,Retail,B008,2023-04-01
C0073,Female,30,Current,SME,B004,2023-04-02
C0074,Male,19,Current,SME,B005,2022-05-23
C0075,Female,67,Current,Corporate,B007,2025-01-03
C0076,Male,39,Savings,SME,B003,2025-04-04
C0077,Male,34,Savings,Corporate,B007,2023-12-09
C0078,Female,64,Current,Corporate,B002,2024-02-28
C0079,Male,54,Current,Retail,B007,2022-01-04
C0080,Male,51,Current,SME,B002,2023-11-08
C0081,Female,57,Salary,Retail,B005,2024-11-04
C0082,Female,37,Current,SME,B005,2025-02-09
C0083,Male,26,Current,Corporate,B007,2022-12-23
C0084,Female,57,Current,Corporate,B001,2023-09-15
C0085,Male,36,Current,Corporate,B006,2024-08-10
C0086,Female,46,Salary,Retail,B008,2022-12-14
C0087,Male,60,Current,Corporate,B006,2022-07-11
C0088,Male,70,Salary,SME,B004,2023-02-12
C0089,Male,27,Savings,Retail,B008,2025-06-05
C0090,Male,67,Current,SME,B004,2024-02-26
C0091,Female,49,Savings,Retail,B001,2022-08-07
C0092,Female,67,Savings,Retail,B008,2022-04-13
C0093,Male,53,Savings,SME,B003,2024-08-09
C0094,Female,60,Current,Corporate,B007,2025-01-27
C0095,Male,46,Salary,SME,B008,2023-06-15
C0096,Male,66,Salary,SME,B008,2025-07-07
C0097,Female,33,Current,Retail,B005,2023-04-26
C0098,Female,35,Current,Corporate,B002,2022-10-11
C0099,Male,27,Current,Corporate,B003,2023-03-15
C0100,Female,22,Current,SME,B008,2024-05-01
C0101,Male,21,Current,SME,B001,2025-03-25
C0102,Female,42,Savings,SME,B005,2024-03-09
C0103,Male,44,Current,Retail,B005,2024-06-11
C0104,Male,49,Current,SME,B007,2022-12-05
C0105,Male,47,Salary,Corporate,B001,2024-03-17
C0106,Male,55,Savings,Corporate,B007,2022-10-05
C0107,Male,47,Savings,SME,B007,2023-11-02
C0108,Female,31,Current,SME,B007,2023-07-24
C0109,Female,66,Current,Retail,B008,2022-02-09
C0110,Male,65,Current,Retail,B002,2022-03-24
C0111,Male,66,Savings,Retail,B001,2025-06-26
C0112,Male,27,Savings,SME,B002,2025-03-01
C0113,Female,31,Salary,SME,B006,2022-12-10
C0114,Male,56,Savings,SME,B002,2025-03-31
C0115,Female,19,Salary,Corporate,B007,2024-03-23
C0116,Male,63,Savings,Corporate,B004,2022-07-28
C0117,Female,62,Salary,Corporate,B002,2025-03-05
C0118,Male,68,Current,Corporate,B007,2024-01-29
C0119,Female,22,Savings,SME,B008,2022-08-05
C0120,Female,45,Salary,SME,B003,2024-06-10
C0121,Female,29,Salary,Corporate,B008,2024-08-10
C0122,Female,45,Current,Retail,B002,2023-07-26
C0123,Male,46,Current,Corporate,B007,2023-11-20
C0124,Female,19,Current,Retail,B008,2023-03-11
C0125,Female,40,Current,SME,B005,2025-02-12
C0126,Male,18,Savings,Retail,B007,2024-09-27
C0127,Male,53,Salary,SME,B008,2024-07-06
C0128,Male,68,Savings,SME,B004,2024-04-08
C0129,Male,62,Current,Corporate,B006,2024-08-27
C0130,Female,53,Current,Corporate,B006,2023-12-22
C0131,Female,62,Current,SME,B005,2023-04-18
C0132,Male,25,Current,Retail,B003,2023-01-28
C0133,Female,31,Current,Corporate,B005,2022-07-25
C0134,Female,30,Savings,SME,B003,2023-09-12
C0135,Male,18,Current,Retail,B001,2025-02-07
C0136,Male,36,Salary,SME,B002,2022-01-26
C0137,Female,54,Current,SME,B008,2023-11-29
C0138,Male,29,Current,SME,B002,2022-05-14
C0139,Female,43,Savings,Corporate,B001,2022-11-07
C0140,Female,27,Savings,Retail,B002,2025-02-16
C0141,Female,66,Salary,Corporate,B004,2024-12-06
C0142,Female,42,Current,SME,B007,2023-09-18
C0143,Male,54,Salary,Corporate,B002,2023-03-02
C0144,Male,58,Current,Corporate,B002,2022-11-18
C0145,Male,33,Salary,Retail,B003,2022-01-06
C0146,Female,44,Salary,Corporate,B008,2023-08-20
C0147,Male,20,Current,Corporate,B005,2024-07-18
C0148,Male,22,Current,Corporate,B004,2024-05-20
C0149,Male,25,Salary,Retail,B005,2022-10-19
C0150,Male,22,Savings,SME,B005,2024-06-18
C0151,Female,25,Salary,SME,B007,2023-07-12
C0152,Female,50,Current,Retail,B001,2024-06-03
C0153,Female,65,Salary,SME,B001,2022-07-07
C0154,Male,32,Salary,SME,B001,2022-12-25
C0155,Female,48,Current,Retail,B007,2025-07-24
C0156,Female,70,Savings,SME,B006,2024-04-16
C0157,Female,39,Salary,Retail,B003,2023-11-07
C0158,Female,44,Current,Corporate,B007,2025-01-31
C0159,Female,20,Savings,SME,B005,2023-10-25
C0160,Female,25,Salary,Retail,B008,2024-04-26
C0161,Male,21,Salary,SME,B008,2025-07-04
C0162,Male,46,Savings,SME,B003,2023-08-13
C0163,Female,46,Savings,Retail,B004,2022-11-21
C0164,Male,37,Salary,SME,B002,2023-04-06
C0165,Female,25,Savings,Corporate,B003,2024-10-17
C0166,Female,63,Salary,Corporate,B005,2024-04-30
C0167,Female,48,Savings,SME,B003,2024-02-25
C0168,Male,30,Savings,SME,B007,2023-11-28
C0169,Female,68,Savings,SME,B005,2025-04-17
C0170,Female,55,Savings,SME,B008,2023-12-08
C0171,Female,39,Current,SME,B004,2023-05-05
C0172,Female,54,Savings,SME,B001,2023-10-14
C0173,Female,65,Salary,SME,B007,2022-11-08
C0174,Male,49,Savings,Corporate,B006,2022-07-25
C0175,Male,46,Salary,SME,B001,2022-10-23
C0176,Male,44,Savings,SME,B005,2023-11-25
C0177,Female,57,Salary,Retail,B006,2024-12-28
C0178,Female,42,Salary,Corporate,B008,2025-01-13
C0179,Male,20,Savings,Corporate,B005,2023-04-11
C0180,Male,65,Current,Retail,B002,2024-06-27
C0181,Female,28,Savings,Retail,B006,2022-04-25
C0182,Female,36,Current,SME,B003,2023-05-16
C0183,Female,51,Salary,Corporate,B003,2022-12-15
C0184,Male,29,Salary,SME,B004,2024-10-16
C0185,Male,55,Savings,SME,B005,2024-07-30
C0186,Male,34,Current,SME,B003,2022-06-01
C0187,Female,46,Salary,SME,B007,2023-05-28
C0188,Female,47,Savings,SME,B008,2022-08-07
C0189,Female,33,Salary,SME,B005,2023-08-28
C0190,Female,19,Current,Retail,B001,2025-05-26
C0191,Female,65,Current,Retail,B006,2023-03-25
C0192,Male,58,Salary,SME,B003,2025-07-10
C0193,Male,24,Current,SME,B001,2025-04-01
C0194,Male,41,Savings,SME,B006,2024-04-30
C0195,Male,29,Savings,Corporate,B006,2024-12-23
C0196,Female,50,Savings,SME,B008,2023-08-28
C0197,Female,65,Savings,SME,B002,2022-10-16
C0198,Male,66,Salary,Corporate,B007,2025-02-15
C0199,Male,41,Current,Retail,B005,2025-01-03
C0200,Female,25,Current,Corporate,B005,2025-04-12
C0201,Female,42,Savings,Corporate,B004,2024-08-23
C0202,Female,19,Salary,Retail,B002,2024-08-08
C0203,Female,62,Salary,SME,B002,2022-10-14
C0204,Male,20,Current,SME,B002,2022-07-19
C0205,Male,33,Current,SME,B006,2025-01-11
C0206,Male,44,Current,Corporate,B002,2024-09-29
C0207,Female,57,Current,Retail,B006,2023-03-21
C0208,Female,46,Savings,SME,B002,2024-01-23
C0209,Female,52,Savings,SME,B005,2023-01-24
C0210,Female,25,Savings,Corporate,B004,2025-05-07
C0211,Male,19,Current,Retail,B003,2025-03-02
C0212,Male,31,Salary,Retail,B004,2023-04-23
C0213,Male,39,Salary,Retail,B005,2022-10-24
C0214,Female,26,Savings,Retail,B001,2022-09-27
C0215,Female,18,Savings,Corporate,B006,2022-02-02
C0216,Female,29,Savings,Retail,B007,2024-12-13
C0217,Male,25,Current,SME,B006,2024-11-17
C0218,Male,55,Current,Corporate,B004,2025-06-13
C0219,Female,20,Current,Corporate,B001,2022-05-05
C0220,Female,48,Current,Corporate,B002,2024-10-01
C0221,Female,63,Savings,Retail,B006,2025-05-30
C0222,Male,27,Savings,SME,B006,2024-02-20
C0223,Female,56,Current,Corporate,B007,2022-07-23
C0224,Male,68,Salary,Corporate,B004,2024-05-30
C0225,Male,46,Current,SME,B008,2024-03-27
C0226,Male,44,Current,SME,B006,2023-06-07
C0227,Male,41,Salary,SME,B002,2022-07-06
C0228,Male,23,Current,Retail,B006,2022-09-24
C0229,Male,53,Salary,Corporate,B006,2022-09-08
C0230,Female,44,Salary,SME,B001,2023-08-13
C0231,Female,56,Current,Retail,B004,2022-11-13
C0232,Female,60,Savings,Retail,B006,2025-02-13
C0233,Male,41,Current,Corporate,B004,2024-05-28
C0234,Male,53,Salary,Corporate,B005,2022-03-01
C0235,Female,29,Salary,SME,B006,2023-12-20
C0236,Male,18,Savings,Corporate,B007,2022-05-23
C0237,Male,27,Savings,Corporate,B004,2024-02-10
C0238,Female,44,Current,Retail,B006,2023-10-01
C0239,Female,64,Salary,Corporate,B002,2022-04-18
C0240,Male,27,Salary,Retail,B002,2023-07-12
C0241,Female,46,Current,Corporate,B008,2024-04-28
C0242,Male,35,Salary,Retail,B006,2024-05-30
C0243,Female,25,Salary,Corporate,B008,2024-12-15
C0244,Female,60,Savings,Retail,B007,2025-05-12
C0245,Male,21,Savings,SME,B004,2022-10-09
C0246,Female,66,Current,SME,B002,2022-01-16
C0247,Female,49,Savings,Retail,B007,2024-12-26
C0248,Male,63,Salary,Corporate,B006,2022-05-28
C0249,Male,43,Current,Retail,B008,2022-06-09
C0250,Female,38,Salary,SME,B007,2023-08-16
C0251,Female,25,Savings,SME,B003,2025-06-19
C0252,Female,47,Savings,SME,B002,2023-05-14
C0253,Female,45,Salary,Retail,B007,2023-09-28
C0254,Female,65,Savings,SME,B003,2022-06-06
C0255,Male,50,Salary,Corporate,B004,2023-12-17
C0256,Male,40,Savings,Retail,B003,2023-06-09
C0257,Male,30,Salary,Retail,B002,2022-12-29
C0258,Female,67,Current,Corporate,B008,2025-03-02
C0259,Female,59,Salary,SME,B003,2024-06-19
C0260,Female,22,Current,Corporate,B005,2023-07-17
C0261,Male,55,Current,Corporate,B002,2023-09-28
C0262,Female,47,Savings,Retail,B006,2023-08-11
C0263,Male,22,Salary,Corporate,B007,2024-08-05
C0264,Male,55,Current,Corporate,B004,2023-10-21
C0265,Female,56,Salary,Retail,B001,2024-07-11
C0266,Female,24,Salary,Retail,B003,2022-03-22
C0267,Female,33,Current,Corporate,B003,2024-01-16
C0268,Female,41,Current,SME,B006,2025-05-09
C0269,Female,21,Savings,SME,B002,2025-02-16
C0270,Female,61,Current,SME,B003,2023-11-14
C0271,Male,23,Current,SME,B007,2022-09-22
C0272,Male,56,Current,Corporate,B007,2023-11-04
C0273,Male,70,Salary,Corporate,B002,2024-05-17
C0274,Female,50,Savings,SME,B005,2023-01-05
C0275,Female,31,Current,Retail,B004,2022-10-09
C0276,Male,27,Current,Retail,B001,2023-11-21
C0277,Male,67,Salary,SME,B003,2022-11-29
C0278,Male,29,Salary,SME,B001,2024-04-21
C0279,Male,41,Current,Corporate,B005,2024-07-08
C0280,Male,32,Current,SME,B004,2024-01-24
C0281,Female,61,Current,SME,B007,2024-10-26
C0282,Female,51,Savings,Retail,B003,2023-05-28
C0283,Female,21,Current,Corporate,B002,2024-11-22
C0284,Female,25,Savings,Retail,B005,2024-07-09
C0285,Male,50,Current,Retail,B004,2024-07-12
C0286,Male,40,Current,Retail,B007,2024-10-25
C0287,Male,41,Current,Retail,B006,2023-04-05
C0288,Female,19,Savings,Corporate,B006,2022-10-27
C0289,Male,26,Current,SME,B003,2024-08-18
C0290,Male,46,Savings,Retail,B005,2023-03-18
C0291,Female,27,Savings,SME,B004,2023-09-09
C0292,Male,25,Savings,SME,B008,2022-05-09
C0293,Female,25,Salary,Corporate,B001,2025-07-18
C0294,Male,50,Salary,Retail,B005,2024-05-29
C0295,Female,18,Savings,Corporate,B007,2023-01-19
C0296,Male,60,Salary,SME,B002,2024-12-13
C0297,Male,52,Current,SME,B001,2024-03-03
C0298,Female,41,Salary,Retail,B006,2022-05-19
C0299,Male,40,Salary,Corporate,B002,2025-04-06
C0300,Female,65,Savings,Retail,B006,2025-01-23
C0301,Male,39,Salary,SME,B008,2025-07-17
C0302,Male,29,Savings,Corporate,B008,2022-03-17
C0303,Male,36,Savings,Retail,B001,2023-10-09
C0304,Female,37,Salary,SME,B005,2022-03-16
C0305,Male,66,Current,SME,B001,2023-11-11
C0306,Male,35,Current,SME,B007,2024-06-19
C0307,Female,42,Savings,SME,B008,2024-01-23
C0308,Female,69,Savings,Corporate,B007,2022-06-11
C0309,Male,45,Salary,SME,B006,2022-07-30
C0310,Female,23,Salary,SME,B005,2024-07-02
C0311,Female,56,Savings,Corporate,B008,2023-12-21
C0312,Male,46,Salary,SME,B007,2023-07-17
C0313,Male,58,Savings,Corporate,B007,2024-01-15
C0314,Male,50,Savings,Retail,B008,2022-03-13
C0315,Male,26,Savings,Corporate,B006,2024-01-12
C0316,Male,42,Salary,Retail,B008,2024-01-30
C0317,Female,41,Savings,Corporate,B003,2024-12-20
C0318,Female,41,Current,Corporate,B005,2023-05-27
C0319,Male,25,Salary,Retail,B008,2024-11-26
C0320,Male,42,Current,SME,B008,2023-03-16
C0321,Female,57,Salary,SME,B004,2022-09-09
C0322,Male,26,Current,Retail,B008,2022-06-29
C0323,Female,69,Salary,SME,B002,2025-01-31
C0324,Female,52,Current,Retail,B003,2024-01-11
C0325,Male,50,Savings,Retail,B003,2023-04-30
C0326,Female,68,Savings,SME,B006,2024-08-15
C0327,Male,69,Salary,Retail,B002,2023-09-26
C0328,Female,43,Salary,SME,B007,2025-03-23
C0329,Male,22,Current,Corporate,B002,2024-07-10
C0330,Female,47,Savings,Corporate,B003,2022-09-22
C0331,Male,45,Savings,Corporate,B003,2023-09-15
C0332,Male,28,Current,Corporate,B004,2023-12-10
C0333,Female,51,Savings,SME,B004,2025-07-24
C0334,Female,53,Savings,Corporate,B005,2025-06-12
C0335,Male,52,Salary,Corporate,B003,2025-04-27
C0336,Male,55,Savings,Corporate,B006,2025-02-28
C0337,Male,20,Savings,Retail,B005,2023-03-08
C0338,Female,67,Salary,Corporate,B001,2024-10-16
C0339,Female,58,Salary,SME,B008,2023-05-17
C0340,Female,69,Current,SME,B002,2022-05-03
C0341,Female,28,Current,SME,B008,2023-02-22
C0342,Male,39,Current,Corporate,B006,2023-12-09
C0343,Male,43,Current,Corporate,B002,2023-10-16
C0344,Female,33,Savings,SME,B008,2023-05-23
C0345,Male,27,Savings,SME,B007,2025-06-14
C0346,Male,44,Savings,SME,B006,2023-01-24
C0347,Male,66,Current,Corporate,B008,2024-10-18
C0348,Female,37,Savings,Retail,B007,2024-11-01
C0349,Male,47,Savings,Corporate,B006,2022-04-10
C0350,Female,21,Current,Corporate,B008,2023-08-09
C0351,Male,52,Savings,SME,B003,2023-06-26
C0352,Female,64,Current,SME,B001,2024-03-31
C0353,Male,21,Current,Corporate,B005,2022-05-31
C0354,Female,42,Salary,SME,B002,2022-09-21
C0355,Female,24,Current,SME,B006,2022-10-23
C0356,Female,30,Salary,Retail,B001,2022-03-21
C0357,Female,26,Current,Corporate,B008,2022-11-02
C0358,Male,56,Current,Corporate,B006,2022-11-29
C0359,Female,43,Salary,SME,B008,2025-02-26
C0360,Female,37,Savings,SME,B006,2022-08-13
C0361,Female,44,Salary,Corporate,B001,2025-05-07
C0362,Female,48,Salary,Corporate,B004,2022-04-16
C0363,Female,55,Savings,Corporate,B007,2022-10-30
C0364,Male,70,Savings,Corporate,B002,2023-01-26
C0365,Female,19,Current,SME,B003,2024-04-25
C0366,Male,62,Current,Corporate,B008,2022-05-08
C0367,Male,63,Salary,Retail,B006,2024-09-06
C0368,Female,51,Current,Retail,B008,2024-12-27
C0369,Female,39,Salary,Corporate,B005,2025-06-03
C0370,Male,48,Savings,SME,B005,2023-04-06
C0371,Female,37,Salary,Retail,B008,2023-10-12
C0372,Female,48,Salary,Corporate,B005,2023-08-13
C0373,Female,25,Current,SME,B003,2023-08-18
C0374,Female,20,Salary,Retail,B006,2024-06-24
C0375,Female,59,Salary,SME,B004,2023-02-18
C0376,Female,70,Salary,Corporate,B005,2022-10-09
C0377,Male,24,Savings,Retail,B004,2023-04-22
C0378,Male,21,Current,SME,B008,2022-07-25
C0379,Male,61,Savings,Corporate,B003,2024-04-13
C0380,Female,59,Current,Corporate,B004,2023-08-12
C0381,Female,38,Salary,Retail,B002,2025-03-21
C0382,Male,32,Savings,SME,B003,2022-03-16
C0383,Female,43,Savings,Corporate,B005,2022-03-18
C0384,Female,18,Salary,Corporate,B002,2023-11-18
C0385,Female,36,Salary,Corporate,B008,2022-10-02
C0386,Female,50,Current,Retail,B002,2023-11-09
C0387,Female,28,Salary,SME,B003,2022-01-29
C0388,Female,65,Current,Corporate,B004,2022-12-26
C0389,Female,57,Current,Corporate,B006,2022-06-27
C0390,Male,43,Savings,Retail,B008,2023-10-25
C0391,Male,33,Current,SME,B004,2024-07-03
C0392,Female,66,Current,SME,B001,2023-06-20
C0393,Female,59,Salary,Retail,B001,2022-08-31
C0394,Female,47,Savings,SME,B005,2022-08-29
C0395,Female,58,Current,Corporate,B004,2023-03-25
C0396,Female,26,Savings,SME,B006,2024-05-01
C0397,Female,62,Salary,Corporate,B004,2023-05-22
C0398,Male,61,Salary,SME,B006,2022-06-09
C0399,Male,54,Savings,Corporate,B004,2025-03-18
C0400,Male,52,Savings,SME,B008,2022-08-27
C0401,Male,61,Salary,Corporate,B008,2022-07-06
C0402,Female,50,Savings,SME,B003,2024-11-17
C0403,Female,44,Salary,Retail,B008,2023-09-24
C0404,Male,64,Current,SME,B001,2023-03-23
C0405,Male,55,Savings,SME,B006,2022-05-11
C0406,Male,52,Savings,SME,B001,2023-08-11
C0407,Male,44,Savings,Corporate,B007,2024-02-06
C0408,Female,42,Current,SME,B002,2025-01-09
C0409,Female,26,Savings,Retail,B007,2024-12-19
C0410,Male,26,Savings,Retail,B005,2024-08-06
C0411,Female,61,Salary,SME,B004,2023-05-22
C0412,Female,47,Savings,SME,B004,2022-08-20
C0413,Female,20,Salary,Retail,B004,2023-02-27
C0414,Male,22,Salary,Retail,B008,2025-05-09
C0415,Male,61,Savings,Corporate,B001,2024-04-03
C0416,Male,46,Salary,Retail,B001,2022-10-14
C0417,Female,50,Savings,Corporate,B006,2025-03-28
C0418,Female,56,Savings,SME,B003,2024-12-03
C0419,Female,32,Current,SME,B001,2025-02-14
C0420,Male,55,Salary,Corporate,B007,2025-02-12
C0421,Male,49,Current,Corporate,B007,2024-12-10
C0422,Female,38,Current,Retail,B005,2024-02-10
C0423,Female,29,Savings,Retail,B005,2022-10-23
C0424,Female,69,Savings,Corporate,B007,2024-05-03
C0425,Male,53,Current,Retail,B005,2023-02-21
C0426,Male,39,Current,SME,B002,2025-01-01
C0427,Male,64,Savings,SME,B007,2025-05-23
C0428,Male,56,Savings,Retail,B004,2024-09-08
C0429,Female,31,Current,Retail,B004,2023-01-25
C0430,Male,65,Salary,SME,B004,2025-05-22
C0431,Male,63,Current,Retail,B006,2023-08-03
C0432,Female,42,Salary,Corporate,B006,2023-09-24
C0433,Female,34,Salary,SME,B008,2022-07-21
C0434,Female,69,Current,Retail,B006,2023-10-03
C0435,Male,44,Salary,Retail,B003,2022-02-03
C0436,Female,34,Current,Retail,B004,2023-11-07
C0437,Female,32,Salary,Retail,B008,2025-02-01
C0438,Female,59,Current,SME,B008,2024-08-01
C0439,Female,28,Savings,Retail,B008,2023-01-12
C0440,Male,52,Salary,Retail,B002,2022-04-10
C0441,Male,66,Current,Retail,B004,2022-05-20
C0442,Male,63,Savings,Retail,B008,2024-02-04
C0443,Female,21,Salary,SME,B001,2022-01-14
C0444,Female,52,Savings,Retail,B005,2025-01-02
C0445,Male,36,Salary,Corporate,B007,2023-01-03
C0446,Male,24,Salary,Retail,B004,2023-01-29
C0447,Female,57,Current,SME,B007,2022-06-11
C0448,Female,41,Current,Corporate,B004,2023-04-08
C0449,Male,37,Salary,Corporate,B001,2022-07-11
C0450,Female,43,Current,Corporate,B008,2022-04-25
C0451,Male,58,Salary,Retail,B002,2024-10-20
C0452,Female,45,Salary,Retail,B001,2023-04-16
C0453,Female,31,Current,Retail,B002,2023-07-29
C0454,Male,52,Savings,SME,B001,2023-03-01
C0455,Male,55,Salary,SME,B002,2023-09-05
C0456,Male,28,Salary,SME,B006,2024-02-26
C0457,Male,66,Salary,Corporate,B002,2024-10-22
C0458,Female,65,Savings,Retail,B007,2023-04-21
C0459,Female,22,Salary,Corporate,B007,2023-10-31
C0460,Female,19,Current,SME,B004,2023-12-30
C0461,Female,53,Current,Retail,B007,2022-06-25
C0462,Female,67,Savings,Corporate,B002,2022-06-18
C0463,Male,35,Current,Corporate,B003,2024-03-08
C0464,Female,38,Savings,Retail,B001,2023-09-24
C0465,Female,46,Current,Retail,B003,2022-06-28
C0466,Female,29,Current,Corporate,B007,2022-07-31
C0467,Male,19,Current,Corporate,B002,2025-05-07
C0468,Female,56,Current,Retail,B005,2024-04-27
C0469,Male,42,Salary,Corporate,B004,2025-03-17
C0470,Male,51,Salary,SME,B003,2022-10-12
C0471,Female,35,Current,SME,B003,2022-05-10
C0472,Female,28,Current,SME,B005,2024-09-18
C0473,Male,68,Current,SME,B004,2025-07-04
C0474,Male,49,Current,Retail,B003,2023-09-16
C0475,Female,18,Current,Corporate,B007,2023-11-06
C0476,Female,46,Current,Corporate,B003,2023-09-08
C0477,Male,38,Current,SME,B003,2024-03-26
C0478,Female,38,Salary,Corporate,B008,2025-03-25
C0479,Male,68,Current,SME,B005,2024-03-15
C0480,Male,41,Salary,Retail,B003,2025-01-31
C0481,Female,19,Salary,Retail,B008,2023-08-20
C0482,Male,62,Current,Corporate,B008,2022-10-13
C0483,Female,58,Savings,SME,B003,2024-05-16
C0484,Female,68,Savings,SME,B008,2025-04-07
C0485,Female,43,Salary,Retail,B006,2025-01-04
C0486,Male,56,Savings,Retail,B006,2022-12-07
C0487,Male,59,Salary,Corporate,B007,2023-11-11
C0488,Female,68,Savings,Retail,B002,2023-06-14
C0489,Male,32,Current,SME,B007,2024-08-06
C0490,Male,67,Current,Retail,B008,2022-08-03
C0491,Female,36,Savings,Retail,B003,2023-12-15
C0492,Female,37,Current,Retail,B008,2023-12-15
C0493,Male,48,Current,Corporate,B008,2023-10-16
C0494,Female,22,Savings,Corporate,B002,2022-02-16
C0495,Male,39,Salary,Retail,B004,2024-11-22
C0496,Male,29,Current,Corporate,B007,2024-08-04
C0497,Female,32,Salary,Retail,B003,2024-06-04
C0498,Male,43,Salary,Corporate,B004,2024-07-09
C0499,Female,55,Current,Retail,B004,2023-02-26
C0500,Male,35,Salary,Retail,B003,2024-01-20
